metric,mean,ci95_lo,ci95_hi,values
accuracy,0.7814600678384213,0.7707015228734894,0.7922186128033532,"[0.788159111933395, 0.7604070305272895, 0.782608695652174, 0.7844588344125809, 0.7916666666666666]"
balanced_accuracy,0.7399963546037103,0.7284609660229782,0.7515317431844424,"[0.7444443983092369, 0.7181110466683549, 0.7441926069213605, 0.7399559039686427, 0.7532778171509568]"
f1,0.6319469133719187,0.6149956778622716,0.6488981488815657,"[0.6370839936608558, 0.6045801526717557, 0.6287519747235387, 0.6307448494453248, 0.6585735963581184]"
roc_auc,0.8005208186615592,0.7993736435752921,0.8016679937478264,"[0.7986654929869872, 0.8012939379334569, 0.8018911145613276, 0.8010446856393093, 0.7997088621867148]"
pr_auc,0.6307549447627204,0.6131500825334099,0.648359806992031,"[0.6662105242509517, 0.6178482130150126, 0.6268711465983334, 0.6219677567209142, 0.6208770832283906]"
