metric,mean,ci95_lo,ci95_hi,values
accuracy,0.7679501147771267,0.7549665148717322,0.7809337146825213,"[0.7779833487511564, 0.7446808510638298, 0.7641073080481036, 0.782608695652174, 0.7703703703703704]"
balanced_accuracy,0.7758467776775408,0.761345366761104,0.7903481885939777,"[0.7871183118943024, 0.7504268198044389, 0.7796987282275785, 0.7922586967172955, 0.7697313317440886]"
f1,0.6676960813727785,0.6523837708127889,0.6830083919327681,"[0.679144385026738, 0.6415584415584416, 0.6595460614152203, 0.6854082998661312, 0.6728232189973615]"
roc_auc,0.8305657577844434,0.8177591687707277,0.8433723467981591,"[0.840129049402503, 0.8185750345131804, 0.812572645439351, 0.8473475946486849, 0.8342044649184975]"
pr_auc,0.5714618098090002,0.5379184979463132,0.6050051216716872,"[0.5983788069068481, 0.5577813508701065, 0.510723218379251, 0.6032333244371134, 0.5871923484516817]"
