metric,mean,ci95_lo,ci95_hi,values
accuracy,0.8047752424024394,0.7975255201826911,0.8120249646221877,"[0.8057354301572618, 0.8140610545790934, 0.8011100832562442, 0.7927844588344126, 0.8101851851851852]"
balanced_accuracy,0.7897024093747621,0.779689072440009,0.7997157463095153,"[0.7953894319002816, 0.797234044291234, 0.771150958283489, 0.7862629651466961, 0.79847464725211]"
f1,0.6934336630465967,0.676130783670843,0.7107365424223504,"[0.6974063400576369, 0.7082728592162555, 0.6645865834633385, 0.6836158192090396, 0.7132867132867133]"
roc_auc,0.858334747786907,0.8502141934429017,0.8664553021309123,"[0.8679091339406573, 0.851041930450836, 0.8518499664876513, 0.8518464694109734, 0.8690262386444173]"
pr_auc,0.6630947581936876,0.6495310994954546,0.6766584168919205,"[0.6612233769775528, 0.6878827761196719, 0.6494916058534427, 0.650973813740024, 0.6659022182777466]"
