method,balanced_accuracy_mean,balanced_accuracy_ci_lo,balanced_accuracy_ci_hi,n_folds
fda,0.7399963546037103,0.7284609660229782,0.7515317431844424,5
kfda,0.7758467776775408,0.761345366761104,0.7903481885939777,5
kpca,0.7897024093747621,0.779689072440009,0.7997157463095153,5
pca,0.730284663346698,0.7108005165384964,0.7497688101548995,5
