method,balanced_accuracy_mean,balanced_accuracy_ci_lo,balanced_accuracy_ci_hi,n_folds
fda,0.7353576623626669,0.7221451047366504,0.7485702199886833,5
kfda,0.7619883242944383,0.7438839770653227,0.7800926715235539,5
kpca,0.7859085503481159,0.7757652332775185,0.7960518674187134,5
pca,0.7315772989640799,0.7128095878053755,0.7503450101227842,5
