metric,mean,ci95_lo,ci95_hi,values
accuracy,0.7847894610614314,0.7745317824332798,0.7950471396895831,"[0.7909343200740055, 0.790009250693802, 0.7641073080481036, 0.7918593894542091, 0.7870370370370371]"
balanced_accuracy,0.730284663346698,0.7108005165384964,0.7497688101548995,"[0.7351144752904442, 0.7534329382357026, 0.697084425666217, 0.7451710278278345, 0.7206204497132918]"
f1,0.6190008815472361,0.5890236834454677,0.6489780796490044,"[0.6258278145695364, 0.6534351145038167, 0.5641025641025641, 0.6388443017656501, 0.6127946127946128]"
roc_auc,0.8108670417023995,0.7817620496397052,0.8399720337650939,"[0.8283036730084122, 0.8277077530081607, 0.7527764344557848, 0.831841320721813, 0.8137060273178275]"
pr_auc,0.6135060107782089,0.5796733078137225,0.6473387137426952,"[0.608410792083078, 0.618774807395735, 0.5577001040608733, 0.616384790047426, 0.6662595603039323]"
