"0","sapply(df[,1:5], range)"
"1","    "
"1","        V1"
"1","        V2"
"1","        V3"
"1","        V4"
"1","        V5"
"1","
[1,]"
"1"," -2.933743"
"1"," -3.038709"
"1"," -2.795869"
"1"," -2.485340"
"1"," -2.367461"
"1","
[2,]"
"1","  3.828575"
"1","  3.664763"
"1","  2.630868"
"1","  3.046948"
"1","  4.586666"
"1","
"
